backend,nrows,ncols,fit_time,managed_memory
cuml,10000000,256,2.910752534866333,1
cuml,20000000,256,5.495675563812256,1
cuml,30000000,256,8.256162881851196,1
cuml,40000000,256,15.919970512390137,1
cuml,50000000,256,18.055269241333008,1
cuml,60000000,256,26.47322940826416,1
cuml,10000000,256,2.616951942443847,0
cuml,20000000,256,3.378032684326172,0
cuml,30000000,256,5.870862722396851,0
cuml,40000000,256,8.086620092391968,0
