backend,nrows,ncols,fit_time,managed_memory
cuml,5000000,256,52.46480679512024,1
cuml,10000000,256,177.80756092071533,1
cuml,15000000,256,257.0092225074768,1
cuml,20000000,256,315.1005837917328,1
cuml,25000000,256,403.4118957519531,1
cuml,30000000,256,495.2092628479004,1
cuml,40000000,256,663.3901937007904,1
cuml,5000000,256,40.00364828109741,0
cuml,10000000,256,80.7423951625824,0
cuml,15000000,256,117.33977460861206,0
cuml,20000000,256,135.54564380645752,0
